{
  "trainers": [
    "c3e931be-92e9-4787-9f42-c538f85bd42f",
    "5d3b3873-91ad-434e-91c6-24d2115c33c8",
    "5b9f638a-28b9-463f-83f0-5271592e6761"
  ],
  "originalDim": "minecraft:overworld",
  "adjustX": 256.0,
  "originalPos": [
    -263.4988112182354,
    64.0,
    -1284.699999988079
  ]
}