{
  "trainers": [
    "fac5b054-0592-4d3e-bc0e-6811cb5ec69f",
    "7d32dac1-03a6-4a02-91ca-d475f1c6e720",
    "9da47d6b-3539-4490-99de-fa942b0180d0"
  ],
  "originalDim": "minecraft:overworld",
  "adjustX": 0.0,
  "originalPos": [
    40.084599902079326,
    70.0,
    -7.158741715930104
  ],
  "highestLevelBeaten": 10.0
}