{
  "trainers": [
    "32088fb0-5f10-4e49-978a-f4b188ce97ad",
    "a7fb9829-a3d8-4f53-bf09-156f5c35883e",
    "818ba00b-8e54-4be6-8e9c-ede8f4d28c5c"
  ],
  "originalDim": "minecraft:overworld",
  "adjustX": 128.0,
  "originalPos": [
    1656.351980582696,
    137.0,
    328.6273360071182
  ]
}